p1,p2,p3,p4
2,3,5,7
3,5,7,11
5,7,11,13
7,11,13,17
11,13,17,19
13,17,19,23
17,19,23,29
19,23,29,31
23,29,31,37
29,31,37,41
31,37,41,43
37,41,43,47
41,43,47,53
43,47,53,59
47,53,59,61
53,59,61,67
59,61,67,71
61,67,71,73
67,71,73,79
71,73,79,83
73,79,83,89
79,83,89,97
83,89,97,101
89,97,101,103
97,101,103,107
101,103,107,109
103,107,109,113
107,109,113,127
109,113,127,131
113,127,131,137
127,131,137,139
131,137,139,149
137,139,149,151
139,149,151,157
149,151,157,163
151,157,163,167
157,163,167,173
163,167,173,179
167,173,179,181
173,179,181,191
179,181,191,193
181,191,193,197
191,193,197,199
193,197,199,211
197,199,211,223
199,211,223,227
211,223,227,229
223,227,229,233
227,229,233,239
229,233,239,241
233,239,241,251
239,241,251,257
241,251,257,263
251,257,263,269
257,263,269,271
263,269,271,277
269,271,277,281
271,277,281,283
277,281,283,293
281,283,293,307
283,293,307,311
293,307,311,313
307,311,313,317
311,313,317,331
313,317,331,337
317,331,337,347
331,337,347,349
337,347,349,353
347,349,353,359
349,353,359,367
353,359,367,373
359,367,373,379
367,373,379,383
373,379,383,389
379,383,389,397
383,389,397,401
389,397,401,409
397,401,409,419
401,409,419,421
409,419,421,431
419,421,431,433
421,431,433,439
431,433,439,443
433,439,443,449
439,443,449,457
443,449,457,461
449,457,461,463
457,461,463,467
461,463,467,479
463,467,479,487
467,479,487,491
479,487,491,499
487,491,499,503
491,499,503,509
499,503,509,521
503,509,521,523
509,521,523,541
521,523,541,547
523,541,547,557
541,547,557,563
547,557,563,569
557,563,569,571
563,569,571,577
569,571,577,587
571,577,587,593
577,587,593,599
587,593,599,601
593,599,601,607
599,601,607,613
601,607,613,617
607,613,617,619
613,617,619,631
617,619,631,641
619,631,641,643
631,641,643,647
641,643,647,653
643,647,653,659
647,653,659,661
653,659,661,673
659,661,673,677
661,673,677,683
673,677,683,691
677,683,691,701
683,691,701,709
691,701,709,719
701,709,719,727
709,719,727,733
719,727,733,739
727,733,739,743
733,739,743,751
739,743,751,757
743,751,757,761
751,757,761,769
757,761,769,773
761,769,773,787
769,773,787,797
773,787,797,809
787,797,809,811
797,809,811,821
809,811,821,823
811,821,823,827
821,823,827,829
823,827,829,839
827,829,839,853
829,839,853,857
839,853,857,859
853,857,859,863
857,859,863,877
859,863,877,881
863,877,881,883
877,881,883,887
881,883,887,907
883,887,907,911
887,907,911,919
907,911,919,929
911,919,929,937
919,929,937,941
929,937,941,947
937,941,947,953
941,947,953,967
947,953,967,971
953,967,971,977
967,971,977,983
971,977,983,991
977,983,991,997
983,991,997,1009
991,997,1009,1013
997,1009,1013,1019
1009,1013,1019,1021
1013,1019,1021,1031
1019,1021,1031,1033
1021,1031,1033,1039
1031,1033,1039,1049
1033,1039,1049,1051
1039,1049,1051,1061
1049,1051,1061,1063
1051,1061,1063,1069
1061,1063,1069,1087
1063,1069,1087,1091
1069,1087,1091,1093
1087,1091,1093,1097
1091,1093,1097,1103
1093,1097,1103,1109
1097,1103,1109,1117
1103,1109,1117,1123
1109,1117,1123,1129
1117,1123,1129,1151
1123,1129,1151,1153
1129,1151,1153,1163
1151,1153,1163,1171
1153,1163,1171,1181
1163,1171,1181,1187
1171,1181,1187,1193
1181,1187,1193,1201
1187,1193,1201,1213
1193,1201,1213,1217
1201,1213,1217,1223
1213,1217,1223,1229
1217,1223,1229,1231
1223,1229,1231,1237
1229,1231,1237,1249
1231,1237,1249,1259
1237,1249,1259,1277
1249,1259,1277,1279
1259,1277,1279,1283
1277,1279,1283,1289
1279,1283,1289,1291
1283,1289,1291,1297
1289,1291,1297,1301
1291,1297,1301,1303
1297,1301,1303,1307
1301,1303,1307,1319
1303,1307,1319,1321
1307,1319,1321,1327
1319,1321,1327,1361
1321,1327,1361,1367
1327,1361,1367,1373
1361,1367,1373,1381
1367,1373,1381,1399
1373,1381,1399,1409
1381,1399,1409,1423
1399,1409,1423,1427
1409,1423,1427,1429
1423,1427,1429,1433
1427,1429,1433,1439
1429,1433,1439,1447
1433,1439,1447,1451
1439,1447,1451,1453
1447,1451,1453,1459
1451,1453,1459,1471
1453,1459,1471,1481
1459,1471,1481,1483
1471,1481,1483,1487
1481,1483,1487,1489
1483,1487,1489,1493
1487,1489,1493,1499
1489,1493,1499,1511
1493,1499,1511,1523
1499,1511,1523,1531
1511,1523,1531,1543
1523,1531,1543,1549
1531,1543,1549,1553
1543,1549,1553,1559
1549,1553,1559,1567
1553,1559,1567,1571
1559,1567,1571,1579
1567,1571,1579,1583
1571,1579,1583,1597
1579,1583,1597,1601
1583,1597,1601,1607
1597,1601,1607,1609
1601,1607,1609,1613
1607,1609,1613,1619
1609,1613,1619,1621
1613,1619,1621,1627
1619,1621,1627,1637
1621,1627,1637,1657
1627,1637,1657,1663
1637,1657,1663,1667
1657,1663,1667,1669
1663,1667,1669,1693
1667,1669,1693,1697
1669,1693,1697,1699
1693,1697,1699,1709
1697,1699,1709,1721
1699,1709,1721,1723
1709,1721,1723,1733
1721,1723,1733,1741
1723,1733,1741,1747
1733,1741,1747,1753
1741,1747,1753,1759
1747,1753,1759,1777
1753,1759,1777,1783
1759,1777,1783,1787
1777,1783,1787,1789
1783,1787,1789,1801
1787,1789,1801,1811
1789,1801,1811,1823
1801,1811,1823,1831
1811,1823,1831,1847
1823,1831,1847,1861
1831,1847,1861,1867
1847,1861,1867,1871
1861,1867,1871,1873
1867,1871,1873,1877
1871,1873,1877,1879
1873,1877,1879,1889
1877,1879,1889,1901
1879,1889,1901,1907
1889,1901,1907,1913
1901,1907,1913,1931
1907,1913,1931,1933
1913,1931,1933,1949
1931,1933,1949,1951
1933,1949,1951,1973
1949,1951,1973,1979
1951,1973,1979,1987
1973,1979,1987,1993
1979,1987,1993,1997
1987,1993,1997,1999
1993,1997,1999,2003
1997,1999,2003,2011
1999,2003,2011,2017
2003,2011,2017,2027
2011,2017,2027,2029
2017,2027,2029,2039
2027,2029,2039,2053
2029,2039,2053,2063
2039,2053,2063,2069
2053,2063,2069,2081
2063,2069,2081,2083
2069,2081,2083,2087
2081,2083,2087,2089
2083,2087,2089,2099
2087,2089,2099,2111
2089,2099,2111,2113
2099,2111,2113,2129
2111,2113,2129,2131
2113,2129,2131,2137
2129,2131,2137,2141
2131,2137,2141,2143
2137,2141,2143,2153
2141,2143,2153,2161
2143,2153,2161,2179
2153,2161,2179,2203
2161,2179,2203,2207
2179,2203,2207,2213
2203,2207,2213,2221
2207,2213,2221,2237
2213,2221,2237,2239
2221,2237,2239,2243
2237,2239,2243,2251
2239,2243,2251,2267
2243,2251,2267,2269
2251,2267,2269,2273
2267,2269,2273,2281
2269,2273,2281,2287
2273,2281,2287,2293
2281,2287,2293,2297
2287,2293,2297,2309
2293,2297,2309,2311
2297,2309,2311,2333
2309,2311,2333,2339
2311,2333,2339,2341
2333,2339,2341,2347
2339,2341,2347,2351
2341,2347,2351,2357
2347,2351,2357,2371
2351,2357,2371,2377
2357,2371,2377,2381
2371,2377,2381,2383
2377,2381,2383,2389
2381,2383,2389,2393
2383,2389,2393,2399
2389,2393,2399,2411
2393,2399,2411,2417
2399,2411,2417,2423
2411,2417,2423,2437
2417,2423,2437,2441
2423,2437,2441,2447
2437,2441,2447,2459
2441,2447,2459,2467
2447,2459,2467,2473
2459,2467,2473,2477
2467,2473,2477,2503
2473,2477,2503,2521
2477,2503,2521,2531
2503,2521,2531,2539
2521,2531,2539,2543
2531,2539,2543,2549
2539,2543,2549,2551
2543,2549,2551,2557
2549,2551,2557,2579
2551,2557,2579,2591
2557,2579,2591,2593
2579,2591,2593,2609
2591,2593,2609,2617
2593,2609,2617,2621
2609,2617,2621,2633
2617,2621,2633,2647
2621,2633,2647,2657
2633,2647,2657,2659
2647,2657,2659,2663
2657,2659,2663,2671
2659,2663,2671,2677
2663,2671,2677,2683
2671,2677,2683,2687
2677,2683,2687,2689
2683,2687,2689,2693
2687,2689,2693,2699
2689,2693,2699,2707
2693,2699,2707,2711
2699,2707,2711,2713
2707,2711,2713,2719
2711,2713,2719,2729
2713,2719,2729,2731
2719,2729,2731,2741
2729,2731,2741,2749
2731,2741,2749,2753
2741,2749,2753,2767
2749,2753,2767,2777
2753,2767,2777,2789
2767,2777,2789,2791
2777,2789,2791,2797
2789,2791,2797,2801
2791,2797,2801,2803
2797,2801,2803,2819
2801,2803,2819,2833
2803,2819,2833,2837
2819,2833,2837,2843
2833,2837,2843,2851
2837,2843,2851,2857
2843,2851,2857,2861
2851,2857,2861,2879
2857,2861,2879,2887
2861,2879,2887,2897
2879,2887,2897,2903
2887,2897,2903,2909
2897,2903,2909,2917
2903,2909,2917,2927
2909,2917,2927,2939
2917,2927,2939,2953
2927,2939,2953,2957
2939,2953,2957,2963
2953,2957,2963,2969
2957,2963,2969,2971
2963,2969,2971,2999
2969,2971,2999,3001
2971,2999,3001,3011
2999,3001,3011,3019
3001,3011,3019,3023
3011,3019,3023,3037
3019,3023,3037,3041
3023,3037,3041,3049
3037,3041,3049,3061
3041,3049,3061,3067
3049,3061,3067,3079
3061,3067,3079,3083
3067,3079,3083,3089
3079,3083,3089,3109
3083,3089,3109,3119
3089,3109,3119,3121
3109,3119,3121,3137
3119,3121,3137,3163
3121,3137,3163,3167
3137,3163,3167,3169
3163,3167,3169,3181
3167,3169,3181,3187
3169,3181,3187,3191
3181,3187,3191,3203
3187,3191,3203,3209
3191,3203,3209,3217
3203,3209,3217,3221
3209,3217,3221,3229
3217,3221,3229,3251
3221,3229,3251,3253
3229,3251,3253,3257
3251,3253,3257,3259
3253,3257,3259,3271
3257,3259,3271,3299
3259,3271,3299,3301
3271,3299,3301,3307
3299,3301,3307,3313
3301,3307,3313,3319
3307,3313,3319,3323
3313,3319,3323,3329
3319,3323,3329,3331
3323,3329,3331,3343
3329,3331,3343,3347
3331,3343,3347,3359
3343,3347,3359,3361
3347,3359,3361,3371
3359,3361,3371,3373
3361,3371,3373,3389
3371,3373,3389,3391
3373,3389,3391,3407
3389,3391,3407,3413
3391,3407,3413,3433
3407,3413,3433,3449
3413,3433,3449,3457
3433,3449,3457,3461
3449,3457,3461,3463
3457,3461,3463,3467
3461,3463,3467,3469
3463,3467,3469,3491
3467,3469,3491,3499
3469,3491,3499,3511
3491,3499,3511,3517
3499,3511,3517,3527
3511,3517,3527,3529
3517,3527,3529,3533
3527,3529,3533,3539
3529,3533,3539,3541
3533,3539,3541,3547
3539,3541,3547,3557
3541,3547,3557,3559
3547,3557,3559,3571
3557,3559,3571,3581
3559,3571,3581,3583
3571,3581,3583,3593
3581,3583,3593,3607
3583,3593,3607,3613
3593,3607,3613,3617
3607,3613,3617,3623
3613,3617,3623,3631
3617,3623,3631,3637
3623,3631,3637,3643
3631,3637,3643,3659
3637,3643,3659,3671
3643,3659,3671,3673
3659,3671,3673,3677
3671,3673,3677,3691
3673,3677,3691,3697
3677,3691,3697,3701
3691,3697,3701,3709
3697,3701,3709,3719
3701,3709,3719,3727
3709,3719,3727,3733
3719,3727,3733,3739
3727,3733,3739,3761
3733,3739,3761,3767
3739,3761,3767,3769
3761,3767,3769,3779
3767,3769,3779,3793
3769,3779,3793,3797
3779,3793,3797,3803
3793,3797,3803,3821
3797,3803,3821,3823
3803,3821,3823,3833
3821,3823,3833,3847
3823,3833,3847,3851
3833,3847,3851,3853
3847,3851,3853,3863
3851,3853,3863,3877
3853,3863,3877,3881
3863,3877,3881,3889
3877,3881,3889,3907
3881,3889,3907,3911
3889,3907,3911,3917
3907,3911,3917,3919
3911,3917,3919,3923
3917,3919,3923,3929
3919,3923,3929,3931
3923,3929,3931,3943
3929,3931,3943,3947
3931,3943,3947,3967
3943,3947,3967,3989
3947,3967,3989,4001
3967,3989,4001,4003
3989,4001,4003,4007
4001,4003,4007,4013
4003,4007,4013,4019
4007,4013,4019,4021
4013,4019,4021,4027
4019,4021,4027,4049
4021,4027,4049,4051
4027,4049,4051,4057
4049,4051,4057,4073
4051,4057,4073,4079
4057,4073,4079,4091
4073,4079,4091,4093
4079,4091,4093,4099
4091,4093,4099,4111
4093,4099,4111,4127
4099,4111,4127,4129
4111,4127,4129,4133
4127,4129,4133,4139
4129,4133,4139,4153
4133,4139,4153,4157
4139,4153,4157,4159
4153,4157,4159,4177
4157,4159,4177,4201
4159,4177,4201,4211
4177,4201,4211,4217
4201,4211,4217,4219
4211,4217,4219,4229
4217,4219,4229,4231
4219,4229,4231,4241
4229,4231,4241,4243
4231,4241,4243,4253
4241,4243,4253,4259
4243,4253,4259,4261
4253,4259,4261,4271
4259,4261,4271,4273
4261,4271,4273,4283
4271,4273,4283,4289
4273,4283,4289,4297
4283,4289,4297,4327
4289,4297,4327,4337
4297,4327,4337,4339
4327,4337,4339,4349
4337,4339,4349,4357
4339,4349,4357,4363
4349,4357,4363,4373
4357,4363,4373,4391
4363,4373,4391,4397
4373,4391,4397,4409
4391,4397,4409,4421
4397,4409,4421,4423
4409,4421,4423,4441
4421,4423,4441,4447
4423,4441,4447,4451
4441,4447,4451,4457
4447,4451,4457,4463
4451,4457,4463,4481
4457,4463,4481,4483
4463,4481,4483,4493
4481,4483,4493,4507
4483,4493,4507,4513
4493,4507,4513,4517
4507,4513,4517,4519
4513,4517,4519,4523
4517,4519,4523,4547
4519,4523,4547,4549
4523,4547,4549,4561
4547,4549,4561,4567
4549,4561,4567,4583
4561,4567,4583,4591
4567,4583,4591,4597
4583,4591,4597,4603
4591,4597,4603,4621
4597,4603,4621,4637
4603,4621,4637,4639
4621,4637,4639,4643
4637,4639,4643,4649
4639,4643,4649,4651
4643,4649,4651,4657
4649,4651,4657,4663
4651,4657,4663,4673
4657,4663,4673,4679
4663,4673,4679,4691
4673,4679,4691,4703
4679,4691,4703,4721
4691,4703,4721,4723
4703,4721,4723,4729
4721,4723,4729,4733
4723,4729,4733,4751
4729,4733,4751,4759
4733,4751,4759,4783
4751,4759,4783,4787
4759,4783,4787,4789
4783,4787,4789,4793
4787,4789,4793,4799
4789,4793,4799,4801
4793,4799,4801,4813
4799,4801,4813,4817
4801,4813,4817,4831
4813,4817,4831,4861
4817,4831,4861,4871
4831,4861,4871,4877
4861,4871,4877,4889
4871,4877,4889,4903
4877,4889,4903,4909
4889,4903,4909,4919
4903,4909,4919,4931
4909,4919,4931,4933
4919,4931,4933,4937
4931,4933,4937,4943
4933,4937,4943,4951
4937,4943,4951,4957
4943,4951,4957,4967
4951,4957,4967,4969
4957,4967,4969,4973
4967,4969,4973,4987
4969,4973,4987,4993
4973,4987,4993,4999
4987,4993,4999,5003
4993,4999,5003,5009
4999,5003,5009,5011
5003,5009,5011,5021
5009,5011,5021,5023
5011,5021,5023,5039
5021,5023,5039,5051
5023,5039,5051,5059
5039,5051,5059,5077
5051,5059,5077,5081
5059,5077,5081,5087
5077,5081,5087,5099
5081,5087,5099,5101
5087,5099,5101,5107
5099,5101,5107,5113
5101,5107,5113,5119
5107,5113,5119,5147
5113,5119,5147,5153
5119,5147,5153,5167
5147,5153,5167,5171
5153,5167,5171,5179
5167,5171,5179,5189
5171,5179,5189,5197
5179,5189,5197,5209
5189,5197,5209,5227
5197,5209,5227,5231
5209,5227,5231,5233
5227,5231,5233,5237
5231,5233,5237,5261
5233,5237,5261,5273
5237,5261,5273,5279
5261,5273,5279,5281
5273,5279,5281,5297
5279,5281,5297,5303
5281,5297,5303,5309
5297,5303,5309,5323
5303,5309,5323,5333
5309,5323,5333,5347
5323,5333,5347,5351
5333,5347,5351,5381
5347,5351,5381,5387
5351,5381,5387,5393
5381,5387,5393,5399
5387,5393,5399,5407
5393,5399,5407,5413
5399,5407,5413,5417
5407,5413,5417,5419
5413,5417,5419,5431
5417,5419,5431,5437
5419,5431,5437,5441
5431,5437,5441,5443
5437,5441,5443,5449
5441,5443,5449,5471
5443,5449,5471,5477
5449,5471,5477,5479
5471,5477,5479,5483
5477,5479,5483,5501
5479,5483,5501,5503
5483,5501,5503,5507
5501,5503,5507,5519
5503,5507,5519,5521
5507,5519,5521,5527
5519,5521,5527,5531
5521,5527,5531,5557
5527,5531,5557,5563
5531,5557,5563,5569
5557,5563,5569,5573
5563,5569,5573,5581
5569,5573,5581,5591
5573,5581,5591,5623
5581,5591,5623,5639
5591,5623,5639,5641
5623,5639,5641,5647
5639,5641,5647,5651
5641,5647,5651,5653
5647,5651,5653,5657
5651,5653,5657,5659
5653,5657,5659,5669
5657,5659,5669,5683
5659,5669,5683,5689
5669,5683,5689,5693
5683,5689,5693,5701
5689,5693,5701,5711
5693,5701,5711,5717
5701,5711,5717,5737
5711,5717,5737,5741
5717,5737,5741,5743
5737,5741,5743,5749
5741,5743,5749,5779
5743,5749,5779,5783
5749,5779,5783,5791
5779,5783,5791,5801
5783,5791,5801,5807
5791,5801,5807,5813
5801,5807,5813,5821
5807,5813,5821,5827
5813,5821,5827,5839
5821,5827,5839,5843
5827,5839,5843,5849
5839,5843,5849,5851
5843,5849,5851,5857
5849,5851,5857,5861
5851,5857,5861,5867
5857,5861,5867,5869
5861,5867,5869,5879
5867,5869,5879,5881
5869,5879,5881,5897
5879,5881,5897,5903
5881,5897,5903,5923
5897,5903,5923,5927
5903,5923,5927,5939
5923,5927,5939,5953
5927,5939,5953,5981
5939,5953,5981,5987
5953,5981,5987,6007
5981,5987,6007,6011
5987,6007,6011,6029
6007,6011,6029,6037
6011,6029,6037,6043
6029,6037,6043,6047
6037,6043,6047,6053
6043,6047,6053,6067
6047,6053,6067,6073
6053,6067,6073,6079
6067,6073,6079,6089
6073,6079,6089,6091
6079,6089,6091,6101
6089,6091,6101,6113
6091,6101,6113,6121
6101,6113,6121,6131
6113,6121,6131,6133
6121,6131,6133,6143
6131,6133,6143,6151
6133,6143,6151,6163
6143,6151,6163,6173
6151,6163,6173,6197
6163,6173,6197,6199
6173,6197,6199,6203
6197,6199,6203,6211
6199,6203,6211,6217
6203,6211,6217,6221
6211,6217,6221,6229
6217,6221,6229,6247
6221,6229,6247,6257
6229,6247,6257,6263
6247,6257,6263,6269
6257,6263,6269,6271
6263,6269,6271,6277
6269,6271,6277,6287
6271,6277,6287,6299
6277,6287,6299,6301
6287,6299,6301,6311
6299,6301,6311,6317
6301,6311,6317,6323
6311,6317,6323,6329
6317,6323,6329,6337
6323,6329,6337,6343
6329,6337,6343,6353
6337,6343,6353,6359
6343,6353,6359,6361
6353,6359,6361,6367
6359,6361,6367,6373
6361,6367,6373,6379
6367,6373,6379,6389
6373,6379,6389,6397
6379,6389,6397,6421
6389,6397,6421,6427
6397,6421,6427,6449
6421,6427,6449,6451
6427,6449,6451,6469
6449,6451,6469,6473
6451,6469,6473,6481
6469,6473,6481,6491
6473,6481,6491,6521
6481,6491,6521,6529
6491,6521,6529,6547
6521,6529,6547,6551
6529,6547,6551,6553
6547,6551,6553,6563
6551,6553,6563,6569
6553,6563,6569,6571
6563,6569,6571,6577
6569,6571,6577,6581
6571,6577,6581,6599
6577,6581,6599,6607
6581,6599,6607,6619
6599,6607,6619,6637
6607,6619,6637,6653
6619,6637,6653,6659
6637,6653,6659,6661
6653,6659,6661,6673
6659,6661,6673,6679
6661,6673,6679,6689
6673,6679,6689,6691
6679,6689,6691,6701
6689,6691,6701,6703
6691,6701,6703,6709
6701,6703,6709,6719
6703,6709,6719,6733
6709,6719,6733,6737
6719,6733,6737,6761
6733,6737,6761,6763
6737,6761,6763,6779
6761,6763,6779,6781
6763,6779,6781,6791
6779,6781,6791,6793
6781,6791,6793,6803
6791,6793,6803,6823
6793,6803,6823,6827
6803,6823,6827,6829
6823,6827,6829,6833
6827,6829,6833,6841
6829,6833,6841,6857
6833,6841,6857,6863
6841,6857,6863,6869
6857,6863,6869,6871
6863,6869,6871,6883
6869,6871,6883,6899
6871,6883,6899,6907
6883,6899,6907,6911
6899,6907,6911,6917
6907,6911,6917,6947
6911,6917,6947,6949
6917,6947,6949,6959
6947,6949,6959,6961
6949,6959,6961,6967
6959,6961,6967,6971
6961,6967,6971,6977
6967,6971,6977,6983
6971,6977,6983,6991
6977,6983,6991,6997
6983,6991,6997,7001
6991,6997,7001,7013
6997,7001,7013,7019
7001,7013,7019,7027
7013,7019,7027,7039
7019,7027,7039,7043
7027,7039,7043,7057
7039,7043,7057,7069
7043,7057,7069,7079
7057,7069,7079,7103
7069,7079,7103,7109
7079,7103,7109,7121
7103,7109,7121,7127
7109,7121,7127,7129
7121,7127,7129,7151
7127,7129,7151,7159
7129,7151,7159,7177
7151,7159,7177,7187
7159,7177,7187,7193
7177,7187,7193,7207
7187,7193,7207,7211
7193,7207,7211,7213
7207,7211,7213,7219
7211,7213,7219,7229
7213,7219,7229,7237
7219,7229,7237,7243
7229,7237,7243,7247
7237,7243,7247,7253
7243,7247,7253,7283
7247,7253,7283,7297
7253,7283,7297,7307
7283,7297,7307,7309
7297,7307,7309,7321
7307,7309,7321,7331
7309,7321,7331,7333
7321,7331,7333,7349
7331,7333,7349,7351
7333,7349,7351,7369
7349,7351,7369,7393
7351,7369,7393,7411
7369,7393,7411,7417
7393,7411,7417,7433
7411,7417,7433,7451
7417,7433,7451,7457
7433,7451,7457,7459
7451,7457,7459,7477
7457,7459,7477,7481
7459,7477,7481,7487
7477,7481,7487,7489
7481,7487,7489,7499
7487,7489,7499,7507
7489,7499,7507,7517
7499,7507,7517,7523
7507,7517,7523,7529
7517,7523,7529,7537
7523,7529,7537,7541
7529,7537,7541,7547
7537,7541,7547,7549
7541,7547,7549,7559
7547,7549,7559,7561
7549,7559,7561,7573
7559,7561,7573,7577
7561,7573,7577,7583
7573,7577,7583,7589
7577,7583,7589,7591
7583,7589,7591,7603
7589,7591,7603,7607
7591,7603,7607,7621
7603,7607,7621,7639
7607,7621,7639,7643
7621,7639,7643,7649
7639,7643,7649,7669
7643,7649,7669,7673
7649,7669,7673,7681
7669,7673,7681,7687
7673,7681,7687,7691
7681,7687,7691,7699
7687,7691,7699,7703
7691,7699,7703,7717
7699,7703,7717,7723
7703,7717,7723,7727
7717,7723,7727,7741
7723,7727,7741,7753
7727,7741,7753,7757
7741,7753,7757,7759
7753,7757,7759,7789
7757,7759,7789,7793
7759,7789,7793,7817
7789,7793,7817,7823
7793,7817,7823,7829
7817,7823,7829,7841
7823,7829,7841,7853
7829,7841,7853,7867
7841,7853,7867,7873
7853,7867,7873,7877
7867,7873,7877,7879
7873,7877,7879,7883
7877,7879,7883,7901
7879,7883,7901,7907
7883,7901,7907,7919
